hospital_id,password
1,PQxhGB7p
2,3GBXOXLp
3,hD9n7pL9
4,vA0rXomg
5,4G80PsmE
6,VlDqcsYh
7,tgt48ccg
8,68wZcjkl
9,skiD6k8d
10,ho3rifZM
11,9g37DOYS
12,cvxUHShV
13,6rU1WeDh
14,Y2gkkwkO
15,bX73qiPc
16,ijpUp4B7
17,67ZPimB5
18,2GxkKala
19,O1LaqFCs
20,w5KNlvZv
21,1w4PTyb0
22,MmowPari
23,agEwknE7
24,urVdQTrs
25,Y31xRO6D
26,MZ6vjCWT
27,MnIoHS9I
28,PoQsVxNC
29,m9f5APQ5
30,th7mu4vQ
31,oZlt5Qkc
32,drzN27ID
33,RjLRWfzo
34,ZiAH2WE7
35,FOM2h86V
36,kRPHjwFY
37,iT9vHlu4
38,bMuo8Ruo
39,Ea0Do6Ag